feature_a,feature_b,korelasyon,elenen
noter_devir_otomobil_adet,noter_devir_toplam_adet,0.9841200419543925,noter_devir_toplam_adet
ay,ceyrek,0.9692098284898905,ceyrek
odmd_otomobil_adet,odmd_toplam_adet,0.9972561322507174,odmd_toplam_adet
odmd_otomobil_adet,odmd_hta_adet,0.954377858370085,odmd_hta_adet
brut_ucret_maas_endeksi_2021_100,altin_gram_try,0.9605063295387021,brut_ucret_maas_endeksi_2021_100
brut_ucret_maas_endeksi_2021_100,trafige_kayitli_toplam_otomobil_adet,0.9759907058118903,brut_ucret_maas_endeksi_2021_100
brut_ucret_maas_endeksi_2021_100,usdtry_ortalama_alis,0.9706637839126679,brut_ucret_maas_endeksi_2021_100
brut_ucret_maas_endeksi_2021_100,usdtry_ortalama,0.9706638185950082,brut_ucret_maas_endeksi_2021_100
brut_ucret_maas_endeksi_2021_100,usdtry_ortalama_satis,0.9706638532141336,brut_ucret_maas_endeksi_2021_100
brut_ucret_maas_endeksi_2021_100,usdtry_aysonu_satis,0.9711298582515605,brut_ucret_maas_endeksi_2021_100
brut_ucret_maas_endeksi_2021_100,usdtry_aysonu,0.9711297442875256,brut_ucret_maas_endeksi_2021_100
brut_ucret_maas_endeksi_2021_100,usdtry_aysonu_alis,0.9711296301038359,brut_ucret_maas_endeksi_2021_100
brut_ucret_maas_endeksi_2021_100,tufe_endeks,0.981367452129444,brut_ucret_maas_endeksi_2021_100
brut_ucret_maas_endeksi_2021_100,eurtry_ortalama,0.9531570742769478,brut_ucret_maas_endeksi_2021_100
brut_ucret_maas_endeksi_2021_100,eurtry_aysonu,0.9552504367617838,brut_ucret_maas_endeksi_2021_100
brut_ucret_maas_endeksi_2021_100,arabam_ortalama_ilan_fiyati_tl_lag1,0.9345445123771187,brut_ucret_maas_endeksi_2021_100
brut_ucret_maas_endeksi_2021_100,enag_yillik_degisim,-0.9190711177054369,brut_ucret_maas_endeksi_2021_100
odmd_toplam_adet,odmd_hta_adet,0.9738641743418053,odmd_toplam_adet
altin_gram_try,trafige_kayitli_toplam_otomobil_adet,0.9670993875380925,altin_gram_try
altin_gram_try,usdtry_ortalama_alis,0.965468733936845,altin_gram_try
altin_gram_try,usdtry_ortalama,0.9654687332302534,altin_gram_try
altin_gram_try,usdtry_ortalama_satis,0.9654687325242546,altin_gram_try
altin_gram_try,usdtry_aysonu_satis,0.9626849995807396,altin_gram_try
altin_gram_try,usdtry_aysonu,0.9626849417925144,altin_gram_try
altin_gram_try,usdtry_aysonu_alis,0.9626848838877434,altin_gram_try
altin_gram_try,tufe_endeks,0.9663889618193945,altin_gram_try
altin_gram_try,eurtry_ortalama,0.9630494868014234,altin_gram_try
altin_gram_try,eurtry_aysonu,0.9594431011088121,altin_gram_try
altin_gram_try,arabam_ortalama_ilan_fiyati_tl_lag1,0.9496886978505761,altin_gram_try
trafige_kayitli_toplam_otomobil_adet,usdtry_ortalama_alis,0.9958488913732736,trafige_kayitli_toplam_otomobil_adet
trafige_kayitli_toplam_otomobil_adet,usdtry_ortalama,0.9958489009122187,trafige_kayitli_toplam_otomobil_adet
trafige_kayitli_toplam_otomobil_adet,usdtry_ortalama_satis,0.9958489104333755,trafige_kayitli_toplam_otomobil_adet
trafige_kayitli_toplam_otomobil_adet,usdtry_aysonu_satis,0.9955891314359488,trafige_kayitli_toplam_otomobil_adet
trafige_kayitli_toplam_otomobil_adet,usdtry_aysonu,0.9955890408676393,trafige_kayitli_toplam_otomobil_adet
trafige_kayitli_toplam_otomobil_adet,usdtry_aysonu_alis,0.9955889501244624,trafige_kayitli_toplam_otomobil_adet
trafige_kayitli_toplam_otomobil_adet,tufe_endeks,0.9972877435909878,trafige_kayitli_toplam_otomobil_adet
trafige_kayitli_toplam_otomobil_adet,eurtry_ortalama,0.9805704749957386,trafige_kayitli_toplam_otomobil_adet
trafige_kayitli_toplam_otomobil_adet,eurtry_aysonu,0.9791319614890535,trafige_kayitli_toplam_otomobil_adet
trafige_kayitli_toplam_otomobil_adet,arabam_ortalama_ilan_fiyati_tl_lag1,0.9710410903152658,trafige_kayitli_toplam_otomobil_adet
trafige_kayitli_toplam_otomobil_adet,enag_yillik_degisim,-0.9527154679072363,trafige_kayitli_toplam_otomobil_adet
trafige_kayitli_toplam_otomobil_adet,tufe_yillik_degisim,-0.9039894921095264,trafige_kayitli_toplam_otomobil_adet
usdtry_ortalama_alis,usdtry_ortalama,0.9999999999996819,usdtry_ortalama_alis
usdtry_ortalama_alis,usdtry_ortalama_satis,0.9999999999987302,usdtry_ortalama_alis
usdtry_ortalama_alis,usdtry_aysonu_satis,0.9994505090973388,usdtry_ortalama_alis
usdtry_ortalama_alis,usdtry_aysonu,0.9994505414788148,usdtry_ortalama_alis
usdtry_ortalama_alis,usdtry_aysonu_alis,0.9994505739073102,usdtry_ortalama_alis
usdtry_ortalama_alis,tufe_endeks,0.9931480964430098,usdtry_ortalama_alis
usdtry_ortalama_alis,eurtry_ortalama,0.9918546223037009,usdtry_ortalama_alis
usdtry_ortalama_alis,eurtry_aysonu,0.9900634804777608,usdtry_ortalama_alis
usdtry_ortalama_alis,arabam_ortalama_ilan_fiyati_tl_lag1,0.983915124826431,usdtry_ortalama_alis
usdtry_ortalama_alis,enag_yillik_degisim,-0.9416456671657921,usdtry_ortalama_alis
usdtry_ortalama,usdtry_ortalama_satis,0.999999999999683,usdtry_ortalama
usdtry_ortalama,usdtry_aysonu_satis,0.9994505165229833,usdtry_ortalama
usdtry_ortalama,usdtry_aysonu,0.9994505489034082,usdtry_ortalama
usdtry_ortalama,usdtry_aysonu_alis,0.9994505813308503,usdtry_ortalama
usdtry_ortalama,tufe_endeks,0.9931481041762839,usdtry_ortalama
usdtry_ortalama,eurtry_ortalama,0.9918546081066828,usdtry_ortalama
usdtry_ortalama,eurtry_aysonu,0.9900634761423891,usdtry_ortalama
usdtry_ortalama,arabam_ortalama_ilan_fiyati_tl_lag1,0.9839151283932694,usdtry_ortalama
usdtry_ortalama,enag_yillik_degisim,-0.9416456855037143,usdtry_ortalama
usdtry_ortalama_satis,usdtry_aysonu_satis,0.9994505239346381,usdtry_ortalama_satis
usdtry_ortalama_satis,usdtry_aysonu,0.9994505563140132,usdtry_ortalama_satis
usdtry_ortalama_satis,usdtry_aysonu_alis,0.9994505887404045,usdtry_ortalama_satis
usdtry_ortalama_satis,tufe_endeks,0.9931481118950182,usdtry_ortalama_satis
usdtry_ortalama_satis,eurtry_ortalama,0.9918545939345699,usdtry_ortalama_satis
usdtry_ortalama_satis,eurtry_aysonu,0.990063471814187,usdtry_ortalama_satis
usdtry_ortalama_satis,arabam_ortalama_ilan_fiyati_tl_lag1,0.9839151319529846,usdtry_ortalama_satis
usdtry_ortalama_satis,enag_yillik_degisim,-0.941645703808056,usdtry_ortalama_satis
usdtry_aysonu_satis,usdtry_aysonu,0.9999999999942965,usdtry_aysonu_satis
usdtry_aysonu_satis,usdtry_aysonu_alis,0.9999999999771456,usdtry_aysonu_satis
usdtry_aysonu_satis,tufe_endeks,0.9930450061604463,usdtry_aysonu_satis
usdtry_aysonu_satis,eurtry_ortalama,0.9902302387335278,usdtry_aysonu_satis
usdtry_aysonu_satis,eurtry_aysonu,0.9892820238296169,usdtry_aysonu_satis
usdtry_aysonu_satis,arabam_ortalama_ilan_fiyati_tl_lag1,0.9864177524745399,usdtry_aysonu_satis
usdtry_aysonu_satis,enag_yillik_degisim,-0.9419594547892531,usdtry_aysonu_satis
usdtry_aysonu,usdtry_aysonu_alis,0.9999999999942762,usdtry_aysonu
usdtry_aysonu,tufe_endeks,0.9930449274803599,usdtry_aysonu
usdtry_aysonu,eurtry_ortalama,0.9902304062244666,usdtry_aysonu
usdtry_aysonu,eurtry_aysonu,0.9892822031290064,usdtry_aysonu
usdtry_aysonu,arabam_ortalama_ilan_fiyati_tl_lag1,0.9864178719188132,usdtry_aysonu
usdtry_aysonu,enag_yillik_degisim,-0.9419591254316172,usdtry_aysonu
usdtry_aysonu_alis,tufe_endeks,0.9930448486468937,usdtry_aysonu_alis
usdtry_aysonu_alis,eurtry_ortalama,0.9902305740064099,usdtry_aysonu_alis
usdtry_aysonu_alis,eurtry_aysonu,0.989282382740726,usdtry_aysonu_alis
usdtry_aysonu_alis,arabam_ortalama_ilan_fiyati_tl_lag1,0.9864179915651514,usdtry_aysonu_alis
usdtry_aysonu_alis,enag_yillik_degisim,-0.9419587954686992,usdtry_aysonu_alis
tufe_endeks,eurtry_ortalama,0.9758288073236744,tufe_endeks
tufe_endeks,eurtry_aysonu,0.9734180315655987,tufe_endeks
tufe_endeks,arabam_ortalama_ilan_fiyati_tl_lag1,0.9656773116082986,tufe_endeks
tufe_endeks,enag_yillik_degisim,-0.9420631397904204,tufe_endeks
eurtry_ortalama,eurtry_aysonu,0.9982457150633721,eurtry_ortalama
eurtry_ortalama,arabam_ortalama_ilan_fiyati_tl_lag1,0.9848167724856371,eurtry_ortalama
eurtry_ortalama,enag_yillik_degisim,-0.9206593919823197,eurtry_ortalama
eurtry_aysonu,arabam_ortalama_ilan_fiyati_tl_lag1,0.9871136126278196,eurtry_aysonu
eurtry_aysonu,enag_yillik_degisim,-0.9250121462355572,eurtry_aysonu
osd_binek_adet,osd_binek_kamyonet_toplam_adet,0.9411193391299248,osd_binek_kamyonet_toplam_adet
arabam_ortalama_ilan_fiyati_tl_lag1,enag_yillik_degisim,-0.900041241614893,arabam_ortalama_ilan_fiyati_tl_lag1
enag_yillik_degisim,tufe_yillik_degisim,0.9741933068399624,enag_yillik_degisim
