rejim,kol,model,n,MAE,RMSE,DA_adet,DA_yuzde,gercek_pozitif,gercek_negatif,cogunluk_taban_yuzde,DA_binom_p_vs_0_5
NORMAL,T0,DirectTabular,29,11.387908408014443,16.14622639528129,17,58.620689655172406,14,15,51.724137931034484,0.22912915982306004
NORMAL,T1,Chronos2,29,11.397417534960354,14.420073880889131,19,65.51724137931035,14,15,51.724137931034484,0.06802297383546829
NORMAL,T0,sifir,29,11.593743360976008,15.824383829070607,0,0.0,14,15,51.724137931034484,1.0
NORMAL,T1,sifir,29,11.593743360976008,15.824383829070607,0,0.0,14,15,51.724137931034484,1.0
NORMAL,T0,Chronos2,29,11.596404515374255,15.830692777681376,13,44.827586206896555,14,15,51.724137931034484,0.77087084017694
NORMAL,T0,ETS,29,11.697164431671618,15.956776604810424,13,44.827586206896555,14,15,51.724137931034484,0.77087084017694
NORMAL,T1,ETS,29,11.697164431671618,15.956776604810424,13,44.827586206896555,14,15,51.724137931034484,0.77087084017694
NORMAL,T1,WeightedEnsemble,29,11.702122971585997,14.67755173151064,15,51.724137931034484,14,15,51.724137931034484,0.5
NORMAL,T0,Toto2,29,11.749415349768086,16.038153111447137,14,48.275862068965516,14,15,51.724137931034484,0.644464448094368
NORMAL,T1,Toto2,29,11.749415349768086,16.038153111447137,14,48.275862068965516,14,15,51.724137931034484,0.644464448094368
NORMAL,T0,son12_ortalama,29,12.065425982986982,16.522693001690044,12,41.37931034482759,14,15,51.724137931034484,0.867534551769495
NORMAL,T1,son12_ortalama,29,12.065425982986982,16.522693001690044,12,41.37931034482759,14,15,51.724137931034484,0.867534551769495
NORMAL,T0,Theta,29,12.408060893478686,16.833073072005607,12,41.37931034482759,14,15,51.724137931034484,0.867534551769495
NORMAL,T1,Theta,29,12.408060893478686,16.833073072005607,12,41.37931034482759,14,15,51.724137931034484,0.867534551769495
NORMAL,T0,WeightedEnsemble,29,12.838769890018266,17.13771213225565,8,27.586206896551722,14,15,51.724137931034484,0.995934970676899
NORMAL,T1,DirectTabular,29,13.780615030353507,17.838251139239468,18,62.06896551724138,14,15,51.724137931034484,0.132465448230505
NORMAL,T0,SeasonalNaive,29,17.868570132939997,21.81530302874633,17,58.620689655172406,14,15,51.724137931034484,0.22912915982306004
NORMAL,T0,mevsimsel_naive,29,17.868570132939997,21.81530302874633,17,58.620689655172406,14,15,51.724137931034484,0.22912915982306004
NORMAL,T1,SeasonalNaive,29,17.868570132939997,21.81530302874633,17,58.620689655172406,14,15,51.724137931034484,0.22912915982306004
NORMAL,T1,mevsimsel_naive,29,17.868570132939997,21.81530302874633,17,58.620689655172406,14,15,51.724137931034484,0.22912915982306004
NORMAL,T1,RecursiveTabular,29,19.244794445987402,24.283258013074242,16,55.172413793103445,14,15,51.724137931034484,0.355535551905632
NORMAL,T0,RecursiveTabular,29,19.613508624825844,24.587901244438008,14,48.275862068965516,14,15,51.724137931034484,0.644464448094368
NORMAL,T0,naive,29,19.95409591876717,25.951886916649613,11,37.93103448275862,14,15,51.724137931034484,0.9319770261645317
NORMAL,T1,naive,29,19.95409591876717,25.951886916649613,11,37.93103448275862,14,15,51.724137931034484,0.9319770261645317
SOK,T1,Chronos2,35,23.50807700508313,32.816367374731584,19,54.285714285714285,19,16,54.285714285714285,0.3679394004284404
SOK,T0,sifir,35,24.712965167166885,31.81057576951927,0,0.0,19,16,54.285714285714285,1.0
SOK,T1,sifir,35,24.712965167166885,31.81057576951927,0,0.0,19,16,54.285714285714285,1.0
SOK,T0,ETS,35,25.082034608124722,32.2737351057705,13,37.142857142857146,19,16,54.285714285714285,0.9552344605326653
SOK,T1,ETS,35,25.082034608124722,32.2737351057705,13,37.142857142857146,19,16,54.285714285714285,0.9552344605326653
SOK,T0,son12_ortalama,35,25.842010750902755,33.32912427639276,13,37.142857142857146,19,16,54.285714285714285,0.9552344605326653
SOK,T1,son12_ortalama,35,25.842010750902755,33.32912427639276,13,37.142857142857146,19,16,54.285714285714285,0.9552344605326653
SOK,T1,DirectTabular,35,25.931760654546483,31.691005469481645,16,45.714285714285715,19,16,54.285714285714285,0.7502200833987445
SOK,T0,Theta,35,25.98558223264766,33.742008468349795,15,42.857142857142854,19,16,54.285714285714285,0.8447476704604924
SOK,T1,Theta,35,25.98558223264766,33.742008468349795,15,42.857142857142854,19,16,54.285714285714285,0.8447476704604924
SOK,T0,Toto2,35,26.28065789826337,34.11747613444116,13,37.142857142857146,19,16,54.285714285714285,0.9552344605326653
SOK,T1,Toto2,35,26.28065789826337,34.11747613444116,13,37.142857142857146,19,16,54.285714285714285,0.9552344605326653
SOK,T0,Chronos2,35,26.29489376881501,33.98350662630713,14,40.0,19,16,54.285714285714285,0.912267375504598
SOK,T0,DirectTabular,35,27.99137265357711,35.84569748472131,19,54.285714285714285,19,16,54.285714285714285,0.3679394004284404
SOK,T0,WeightedEnsemble,35,28.031314641440833,36.12790110271803,12,34.285714285714285,19,16,54.285714285714285,0.9795202042441815
SOK,T1,WeightedEnsemble,35,28.39506357820449,35.941330712123396,11,31.428571428571427,19,16,54.285714285714285,0.9916630760999396
SOK,T0,SeasonalNaive,35,31.43196281514675,40.36737140857583,18,51.42857142857142,19,16,54.285714285714285,0.5
SOK,T0,mevsimsel_naive,35,31.43196281514675,40.36737140857583,18,51.42857142857142,19,16,54.285714285714285,0.5
SOK,T1,SeasonalNaive,35,31.43196281514675,40.36737140857583,18,51.42857142857142,19,16,54.285714285714285,0.5
SOK,T1,mevsimsel_naive,35,31.43196281514675,40.36737140857583,18,51.42857142857142,19,16,54.285714285714285,0.5
SOK,T0,RecursiveTabular,35,31.532712345432238,40.08395215204922,16,45.714285714285715,19,16,54.285714285714285,0.7502200833987445
SOK,T1,RecursiveTabular,35,32.19137759375813,40.64054744867408,16,45.714285714285715,19,16,54.285714285714285,0.7502200833987445
SOK,T0,naive,35,33.522280336265325,45.382897579120815,19,54.285714285714285,19,16,54.285714285714285,0.3679394004284404
SOK,T1,naive,35,33.522280336265325,45.382897579120815,19,54.285714285714285,19,16,54.285714285714285,0.3679394004284404
TUM,T1,Chronos2,64,18.020434432683746,26.137319541386212,38,59.375,33,31,51.5625,0.08432145571985168
TUM,T0,sifir,64,18.768317786236643,25.823580600246157,0,0.0,33,31,51.5625,1.0
TUM,T1,sifir,64,18.768317786236643,25.823580600246157,0,0.0,33,31,51.5625,1.0
TUM,T0,ETS,64,19.01701530941941,26.172424684546765,26,40.625,33,31,51.5625,0.9482890608419596
TUM,T1,ETS,64,19.01701530941941,26.172424684546765,26,40.625,33,31,51.5625,0.9482890608419596
TUM,T0,son12_ortalama,64,19.59949577794092,27.040493509996953,25,39.0625,33,31,51.5625,0.9700294052165004
TUM,T1,son12_ortalama,64,19.59949577794092,27.040493509996953,25,39.0625,33,31,51.5625,0.9700294052165004
TUM,T0,Chronos2,64,19.63464082584967,27.297112219211886,27,42.1875,33,31,51.5625,0.9156785442801484
TUM,T0,Toto2,64,19.696188618476445,27.442987641428466,27,42.1875,33,31,51.5625,0.9156785442801484
TUM,T1,Toto2,64,19.696188618476445,27.442987641428466,27,42.1875,33,31,51.5625,0.9156785442801484
TUM,T0,Theta,64,19.833267875836718,27.404814775450937,27,42.1875,33,31,51.5625,0.9156785442801484
TUM,T1,Theta,64,19.833267875836718,27.404814775450937,27,42.1875,33,31,51.5625,0.9156785442801484
TUM,T1,DirectTabular,64,20.42577279358404,26.332930570576043,34,53.125,33,31,51.5625,0.353990377067382
TUM,T0,DirectTabular,64,20.467927917306525,28.64990978477237,36,56.25,33,31,51.5625,0.19086639739666883
TUM,T1,WeightedEnsemble,64,20.831074865830484,28.355929463595498,26,40.625,33,31,51.5625,0.9482890608419596
TUM,T0,WeightedEnsemble,64,21.14719280095248,29.10117519904317,20,31.25,33,31,51.5625,0.999218605327586
TUM,T0,SeasonalNaive,64,25.286050506021816,33.2684815990891,35,54.6875,33,31,51.5625,0.26615438801392105
TUM,T0,mevsimsel_naive,64,25.286050506021816,33.2684815990891,35,54.6875,33,31,51.5625,0.26615438801392105
TUM,T1,SeasonalNaive,64,25.286050506021816,33.2684815990891,35,54.6875,33,31,51.5625,0.26615438801392105
TUM,T1,mevsimsel_naive,64,25.286050506021816,33.2684815990891,35,54.6875,33,31,51.5625,0.26615438801392105
TUM,T0,RecursiveTabular,64,26.131823159532466,33.95026105501916,30,46.875,33,31,51.5625,0.733845611986079
TUM,T1,RecursiveTabular,64,26.324957104924522,34.21177505731625,32,50.0,33,31,51.5625,0.5496733768739834
TUM,T0,naive,64,27.374196772086474,37.83553458415375,30,46.875,33,31,51.5625,0.733845611986079
TUM,T1,naive,64,27.374196772086474,37.83553458415375,30,46.875,33,31,51.5625,0.733845611986079
